filename,seg_sky,seg_vegetation,seg_building,seg_road
10211498591_0.jpg,0.11663818359375,0.27276611328125,0.15234375,0.43609619140625
10242398454_0.jpg,0.22625732421875,0.060546875,0.17138671875,0.508056640625
10243968793_0.jpg,0.06121826171875,0.07977294921875,0.48834228515625,0.32403564453125
10256441404_0.jpg,0.01776123046875,0.031494140625,0.56219482421875,0.34759521484375
1029866980_0.jpg,0.0831298828125,0.00579833984375,0.52490234375,0.25555419921875
10565387058_0.jpg,0.16400146484375,0.08612060546875,0.28387451171875,0.42657470703125
10786928815_0.jpg,0.076171875,0.014404296875,0.473388671875,0.39453125
10786928832_0.jpg,0.051513671875,0.0,0.4949951171875,0.42498779296875
10786928833_0.jpg,0.0,6.103515625e-05,0.57867431640625,0.4158935546875
10786928854_0.jpg,0.0225830078125,0.0,0.29736328125,0.28253173828125
10875906169_0.jpg,0.0,0.0,0.6077880859375,0.0
10880216117_0.jpg,0.02801513671875,0.0001220703125,0.54736328125,0.36077880859375
1107287994_0.jpg,0.02593994140625,0.16900634765625,0.3194580078125,0.32110595703125
1107287995_0.jpg,0.0,0.0,0.3350830078125,0.0
11104977106_0.jpg,0.287109375,0.175048828125,0.04901123046875,0.39495849609375
11153075989_0.jpg,0.006103515625,0.03070068359375,0.354248046875,0.34088134765625
11177945775_0.jpg,0.2349853515625,0.09417724609375,0.2017822265625,0.38336181640625
11177945779_0.jpg,0.29315185546875,0.12744140625,0.08154296875,0.3023681640625
11225192044_0.jpg,0.1973876953125,0.16033935546875,0.52239990234375,0.06982421875
11253936096_0.jpg,0.06072998046875,0.0,0.4918212890625,0.4417724609375
11256303653_0.jpg,0.13507080078125,0.1126708984375,0.2774658203125,0.332275390625
11281410604_0.jpg,0.062255859375,0.0537109375,0.4970703125,0.35589599609375
11339432014_0.jpg,0.04266357421875,0.0,0.51708984375,0.43292236328125
1151084790_0.jpg,0.080078125,0.0,0.51837158203125,0.392333984375
1151084818_0.jpg,0.0697021484375,6.103515625e-05,0.46844482421875,0.43017578125
1151084825_0.jpg,0.0623779296875,0.0,0.46820068359375,0.4266357421875
1151084826_0.jpg,0.0611572265625,0.00286865234375,0.48980712890625,0.4320068359375
1151084845_0.jpg,0.04229736328125,0.0,0.49310302734375,0.40106201171875
1151084846_0.jpg,0.08721923828125,0.0074462890625,0.47442626953125,0.37786865234375
1151084855_0.jpg,0.04541015625,0.0,0.51531982421875,0.36468505859375
1151084864_0.jpg,0.0469970703125,0.0,0.535400390625,0.3880615234375
1151084876_0.jpg,0.079833984375,0.0,0.41778564453125,0.43707275390625
1151084879_0.jpg,0.0,0.0,0.73748779296875,0.0
1151084883_0.jpg,0.0804443359375,0.01055908203125,0.46160888671875,0.44287109375
1151084896_0.jpg,0.07183837890625,0.000732421875,0.4761962890625,0.42608642578125
1151084898_0.jpg,0.0621337890625,0.09588623046875,0.39166259765625,0.39459228515625
1151084911_0.jpg,0.06500244140625,0.0045166015625,0.48577880859375,0.41741943359375
1151084917_0.jpg,0.059814453125,0.1937255859375,0.286865234375,0.422119140625
1151084930_0.jpg,0.0677490234375,0.01611328125,0.4852294921875,0.41583251953125
1151084936_0.jpg,0.06768798828125,0.0,0.44854736328125,0.3602294921875
1152803593_0.jpg,0.0467529296875,0.03533935546875,0.86761474609375,0.02197265625
1152824573_0.jpg,0.0,0.0,0.62347412109375,0.35626220703125
1152824589_0.jpg,0.07244873046875,0.0009765625,0.49755859375,0.4051513671875
1152824596_0.jpg,0.18096923828125,0.0,0.34454345703125,0.47381591796875
1152824608_0.jpg,0.01416015625,0.01483154296875,0.6220703125,0.33990478515625
1152824625_0.jpg,0.2158203125,0.0567626953125,0.2220458984375,0.42425537109375
1158360121_0.jpg,0.0,0.0,0.62152099609375,0.37847900390625
1158360123_0.jpg,0.06134033203125,0.00140380859375,0.4451904296875,0.4586181640625
1158360142_0.jpg,0.006103515625,0.26129150390625,0.41290283203125,0.251220703125
1158360147_0.jpg,0.0794677734375,0.1488037109375,0.41473388671875,0.12060546875
1158360153_0.jpg,0.02740478515625,0.289794921875,0.15771484375,0.2073974609375
1158360165_0.jpg,0.12225341796875,0.148193359375,0.27923583984375,0.39813232421875
1161863708_0.jpg,0.17156982421875,0.00238037109375,0.3656005859375,0.38409423828125
1161863726_0.jpg,0.07525634765625,0.18157958984375,0.2965087890625,0.423583984375
1161863731_0.jpg,0.0228271484375,0.0,0.2947998046875,0.282470703125
1161863878_0.jpg,0.0362548828125,0.01422119140625,0.54229736328125,0.32366943359375
1161863894_0.jpg,0.37200927734375,0.05218505859375,0.1636962890625,0.36322021484375
1161863901_0.jpg,0.00311279296875,0.0091552734375,0.5567626953125,0.41082763671875
1161863948_0.jpg,0.1513671875,0.00836181640625,0.35955810546875,0.44683837890625
1161864000_0.jpg,0.1142578125,0.08740234375,0.4317626953125,0.337158203125
1161864166_0.jpg,0.0,0.0472412109375,0.513427734375,0.42138671875
1161864169_0.jpg,0.0,0.00128173828125,0.3648681640625,0.36956787109375
1162875756_0.jpg,0.0106201171875,0.00018310546875,0.53204345703125,0.12310791015625
1162875763_0.jpg,0.07696533203125,0.0,0.4703369140625,0.2421875
1162875766_0.jpg,0.23162841796875,0.06878662109375,0.20111083984375,0.42059326171875
1162875767_0.jpg,0.09332275390625,0.0,0.43072509765625,0.36578369140625
1162875769_0.jpg,0.05267333984375,0.0,0.5477294921875,0.3375244140625
1168066104_0.jpg,0.15625,0.00616455078125,0.37548828125,0.35198974609375
1168066107_0.jpg,0.0,0.0,0.59246826171875,0.184814453125
1168183618_0.jpg,0.2235107421875,0.01263427734375,0.301513671875,0.27972412109375
1168183637_0.jpg,0.03497314453125,0.0047607421875,0.50482177734375,0.41876220703125
1168183668_0.jpg,0.003662109375,0.0,0.55584716796875,0.2440185546875
1168183674_0.jpg,0.0,0.0,0.3868408203125,0.069091796875
1168183682_0.jpg,0.0,0.0009765625,0.293701171875,0.00018310546875
1168183693_0.jpg,0.01007080078125,0.17376708984375,0.615478515625,0.02264404296875
1168183695_0.jpg,0.0860595703125,0.00115966796875,0.4749755859375,0.415771484375
1168183721_0.jpg,0.06524658203125,0.0,0.46380615234375,0.34527587890625
1168183728_0.jpg,0.00933837890625,0.0,0.4276123046875,0.230224609375
1168183731_0.jpg,0.023193359375,0.0,0.408447265625,0.308837890625
1168183735_0.jpg,0.056640625,0.0,0.50457763671875,0.3914794921875
1168183739_0.jpg,0.11761474609375,0.0118408203125,0.40704345703125,0.38519287109375
1168183745_0.jpg,0.0655517578125,0.0,0.49261474609375,0.42791748046875
1168183751_0.jpg,0.0,0.0,0.27386474609375,0.0
1168183774_0.jpg,0.07843017578125,0.0,0.49517822265625,0.40057373046875
1168315919_0.jpg,0.0892333984375,0.04150390625,0.3917236328125,0.44403076171875
1168315946_0.jpg,0.06170654296875,0.1395263671875,0.32781982421875,0.40069580078125
1168315964_0.jpg,0.24072265625,0.0186767578125,0.2763671875,0.413330078125
1168315988_0.jpg,0.19268798828125,0.01953125,0.2413330078125,0.43768310546875
1168316016_0.jpg,0.0533447265625,0.0057373046875,0.3673095703125,0.45343017578125
1168316017_0.jpg,0.2283935546875,0.041015625,0.237060546875,0.364013671875
1168380668_0.jpg,0.2451171875,0.0794677734375,0.2862548828125,0.2774658203125
1168380684_0.jpg,0.1522216796875,0.057373046875,0.12554931640625,0.399169921875
1168380691_0.jpg,0.21826171875,0.09393310546875,0.21661376953125,0.3636474609375
1168414435_0.jpg,0.02166748046875,0.0,0.5535888671875,0.4075927734375
1168421045_0.jpg,0.2457275390625,0.04150390625,0.25604248046875,0.36981201171875
1172166298_0.jpg,0.1427001953125,0.10205078125,0.27410888671875,0.0155029296875
1172166308_0.jpg,0.04827880859375,0.025634765625,0.49371337890625,0.33331298828125
1172166339_0.jpg,0.185302734375,0.041259765625,0.33990478515625,0.3455810546875
1172166343_0.jpg,0.169921875,0.0128173828125,0.6910400390625,0.103271484375
1172166352_0.jpg,0.16656494140625,0.230224609375,0.17120361328125,0.42901611328125
1172166366_0.jpg,0.16455078125,0.06964111328125,0.3240966796875,0.40966796875
1172166367_0.jpg,0.00311279296875,0.00653076171875,0.5029296875,0.42626953125
1172166382_0.jpg,0.1627197265625,0.0479736328125,0.3123779296875,0.37109375
1172166403_0.jpg,0.0989990234375,0.03076171875,0.3326416015625,0.35498046875
1172166414_0.jpg,0.0,0.27667236328125,0.22344970703125,0.42108154296875
1172757415_0.jpg,0.1871337890625,0.088623046875,0.2508544921875,0.40093994140625
1172757469_0.jpg,0.0,0.01068115234375,0.1734619140625,0.074951171875
1172757768_0.jpg,0.270751953125,0.01995849609375,0.2735595703125,0.4176025390625
1172757780_0.jpg,0.0369873046875,0.00665283203125,0.53289794921875,0.32073974609375
1172757801_0.jpg,0.06011962890625,0.00653076171875,0.4368896484375,0.427978515625
1172757812_0.jpg,0.007080078125,0.0286865234375,0.5777587890625,0.36224365234375
1172757927_0.jpg,0.12164306640625,0.02093505859375,0.47039794921875,0.35565185546875
1172757980_0.jpg,0.11083984375,0.0,0.4786376953125,0.39935302734375
1172757982_0.jpg,0.0194091796875,0.0,0.447509765625,0.297119140625
1172757991_0.jpg,0.10528564453125,0.0,0.33941650390625,0.4468994140625
1172757994_0.jpg,0.0,0.0,0.374267578125,0.31756591796875
1172758045_0.jpg,0.08270263671875,0.0,0.44464111328125,0.4361572265625
11730881795_0.jpg,0.25677490234375,0.25518798828125,0.10394287109375,0.3426513671875
1178971320_0.jpg,0.0390625,0.0,0.52667236328125,0.41015625
1178971331_0.jpg,0.12103271484375,0.05621337890625,0.443359375,0.108154296875
1178971336_0.jpg,0.21636962890625,0.0858154296875,0.2708740234375,0.26995849609375
1178971337_0.jpg,0.1473388671875,0.0,0.3927001953125,0.414306640625
1178971341_0.jpg,0.100830078125,0.0,0.43408203125,0.26385498046875
1178971355_0.jpg,0.0513916015625,0.0,0.5404052734375,0.38067626953125
1178971357_0.jpg,0.0050048828125,0.0,0.56707763671875,0.42523193359375
1178971359_0.jpg,0.05438232421875,0.0,0.46337890625,0.41552734375
1178971361_0.jpg,0.03863525390625,0.0,0.68145751953125,0.2799072265625
1178971380_0.jpg,0.19854736328125,0.08160400390625,0.186279296875,0.31414794921875
1179001819_0.jpg,0.0823974609375,0.0,0.50628662109375,0.00048828125
1179001820_0.jpg,0.19415283203125,0.1075439453125,0.19256591796875,0.3240966796875
1180709229_0.jpg,0.0,0.0,0.55841064453125,0.394287109375
1180818609_0.jpg,0.09527587890625,0.0,0.4578857421875,0.4422607421875
1181846009_0.jpg,0.08172607421875,0.00018310546875,0.45751953125,0.4393310546875
1181846042_0.jpg,0.0296630859375,0.0,0.51068115234375,0.4068603515625
1181846056_0.jpg,0.12286376953125,0.0,0.40948486328125,0.38714599609375
1181846147_0.jpg,0.04248046875,0.05303955078125,0.45428466796875,0.3505859375
1182677912_0.jpg,0.29058837890625,0.10302734375,0.10015869140625,0.4227294921875
1182950283_0.jpg,0.192138671875,0.06463623046875,0.23968505859375,0.42254638671875
1183092754_0.jpg,0.0,0.0,0.4307861328125,0.0
1183092761_0.jpg,0.06109619140625,0.2569580078125,0.193359375,0.375244140625
1183092765_0.jpg,0.0,0.0,0.59832763671875,0.14190673828125
1183208488_0.jpg,0.1634521484375,0.010986328125,0.373046875,0.42816162109375
1183208501_0.jpg,0.03302001953125,0.011474609375,0.41949462890625,0.213134765625
1183208502_0.jpg,0.22540283203125,0.0,0.2650146484375,0.4085693359375
1183787457_0.jpg,0.05908203125,0.0135498046875,0.49151611328125,0.4085693359375
1183787459_0.jpg,0.017333984375,0.0,0.48388671875,0.40728759765625
1183787466_0.jpg,0.0648193359375,0.02178955078125,0.48907470703125,0.38092041015625
1185400407_0.jpg,0.1689453125,0.165283203125,0.1995849609375,0.36053466796875
1185400414_0.jpg,0.06890869140625,0.0,0.48333740234375,0.4134521484375
1185400418_0.jpg,0.07110595703125,0.0,0.49395751953125,0.4052734375
1185400438_0.jpg,0.0504150390625,0.0047607421875,0.50323486328125,0.4036865234375
1185400473_0.jpg,0.09124755859375,0.06219482421875,0.3779296875,0.3546142578125
1185400508_0.jpg,0.22772216796875,0.00335693359375,0.283447265625,0.4268798828125
1185400520_0.jpg,0.19586181640625,0.0699462890625,0.31903076171875,0.35430908203125
1185400522_0.jpg,0.32366943359375,0.12664794921875,0.13397216796875,0.32647705078125
1185400526_0.jpg,0.14447021484375,0.0003662109375,0.43280029296875,0.3984375
1185400551_0.jpg,0.25518798828125,0.035888671875,0.05889892578125,0.38275146484375
1185400584_0.jpg,0.06121826171875,0.005615234375,0.50048828125,0.4219970703125
1185400587_0.jpg,0.2152099609375,0.0394287109375,0.27508544921875,0.38751220703125
1185400607_0.jpg,0.07440185546875,0.0,0.470947265625,0.44415283203125
1185400616_0.jpg,0.00750732421875,0.22491455078125,0.25933837890625,0.1322021484375
1185400620_0.jpg,0.07708740234375,0.0,0.4635009765625,0.4498291015625
1185400622_0.jpg,0.05804443359375,0.0,0.50506591796875,0.37530517578125
1185400645_0.jpg,0.08892822265625,0.0,0.45367431640625,0.4010009765625
1185808485_0.jpg,0.18902587890625,0.0284423828125,0.2879638671875,0.2872314453125
1185808494_0.jpg,0.0550537109375,0.0162353515625,0.4923095703125,0.4224853515625
1185808496_0.jpg,0.08392333984375,0.00225830078125,0.439208984375,0.21588134765625
1185808509_0.jpg,0.0103759765625,0.07000732421875,0.1810302734375,0.41015625
1185808513_0.jpg,0.17559814453125,0.06402587890625,0.28997802734375,0.44244384765625
1185808527_0.jpg,0.077392578125,0.0,0.44964599609375,0.376708984375
1187352694_0.jpg,0.04901123046875,0.02532958984375,0.53662109375,0.38739013671875
1187352697_0.jpg,0.0570068359375,0.02520751953125,0.45135498046875,0.36871337890625
1187352804_0.jpg,0.04296875,0.0,0.446533203125,0.316162109375
1187352908_0.jpg,0.00042724609375,0.02880859375,0.18548583984375,0.42095947265625
1187352946_0.jpg,0.01580810546875,0.18841552734375,0.4154052734375,0.18182373046875
1187353069_0.jpg,0.1583251953125,0.00213623046875,0.3680419921875,0.41021728515625
1187353085_0.jpg,0.01336669921875,0.265380859375,0.27032470703125,0.337158203125
1187353101_0.jpg,0.1197509765625,0.112060546875,0.27471923828125,0.41461181640625
1187353146_0.jpg,0.06732177734375,0.109619140625,0.33392333984375,0.41943359375
1187522454_0.jpg,0.30731201171875,0.07269287109375,0.1771240234375,0.43341064453125
1189558856_0.jpg,0.3671875,0.077392578125,0.21875,0.05487060546875
1189559007_0.jpg,0.0,0.0,0.19000244140625,0.0
1189559073_0.jpg,0.4793701171875,0.0,0.3697509765625,0.029052734375
1189559154_0.jpg,0.09033203125,0.01434326171875,0.4993896484375,0.3228759765625
1189559158_0.jpg,0.04449462890625,0.0,0.530029296875,0.4141845703125
1189559210_0.jpg,0.01507568359375,0.0,0.56036376953125,0.303955078125
1189559270_0.jpg,0.0714111328125,0.1572265625,0.38232421875,0.315673828125
1189559358_0.jpg,0.0052490234375,0.0,0.61322021484375,0.3155517578125
1189559388_0.jpg,0.0,0.0,0.406005859375,0.3013916015625
1189559510_0.jpg,0.0,0.0,0.63055419921875,0.07147216796875
1189559520_0.jpg,0.0,0.01495361328125,0.614990234375,0.26318359375
1189559654_0.jpg,0.17205810546875,0.1466064453125,0.17669677734375,0.34283447265625
1189559662_0.jpg,0.0,0.0,0.63763427734375,0.30859375
1189559738_0.jpg,0.01776123046875,0.3145751953125,0.5341796875,0.08917236328125
1189559856_0.jpg,0.0013427734375,0.30645751953125,0.271484375,0.3768310546875
1189560057_0.jpg,0.0322265625,0.0,0.5404052734375,0.3382568359375
1189560073_0.jpg,0.0316162109375,0.12158203125,0.51397705078125,0.27923583984375
1210796370_0.jpg,0.32965087890625,0.00042724609375,0.21649169921875,0.3720703125
1210796394_0.jpg,0.2979736328125,0.0322265625,0.18603515625,0.39129638671875
12873318558_0.jpg,0.25604248046875,0.0,0.291015625,0.36346435546875
12919753342_0.jpg,0.10601806640625,0.0087890625,0.39813232421875,0.4168701171875
13041667383_0.jpg,0.4373779296875,0.0489501953125,0.03533935546875,0.46478271484375
13108528108_0.jpg,0.20611572265625,6.103515625e-05,0.35498046875,0.23876953125
1329857374_0.jpg,0.339111328125,0.01690673828125,0.1771240234375,0.453369140625
13311040737_0.jpg,0.15045166015625,0.00469970703125,0.41552734375,0.34283447265625
13313807744_0.jpg,0.09246826171875,0.00677490234375,0.24676513671875,0.184326171875
13313807748_0.jpg,0.19073486328125,0.03094482421875,0.31414794921875,0.4603271484375
13395157688_0.jpg,0.0517578125,0.144775390625,0.389892578125,0.3685302734375
13395157689_0.jpg,0.0604248046875,0.06719970703125,0.392822265625,0.37847900390625
13395157693_0.jpg,0.06427001953125,0.02850341796875,0.44140625,0.39129638671875
13395196301_0.jpg,0.1060791015625,0.16357421875,0.3109130859375,0.3990478515625
13428650956_0.jpg,0.007568359375,0.118896484375,0.49456787109375,0.28240966796875
13591799735_0.jpg,0.0286865234375,0.3258056640625,0.14923095703125,0.363525390625
1428870156_0.jpg,0.27294921875,0.09344482421875,0.44451904296875,0.1614990234375
1428870157_0.jpg,0.01055908203125,0.37896728515625,0.30059814453125,0.2509765625
1562575420_0.jpg,0.114501953125,0.17596435546875,0.23785400390625,0.43255615234375
1624949938_0.jpg,0.0540771484375,0.0,0.53704833984375,0.1260986328125
1624949965_0.jpg,0.00701904296875,0.0,0.32257080078125,0.2486572265625
1624949969_0.jpg,0.08294677734375,0.0,0.49114990234375,0.396240234375
1624950002_0.jpg,0.0797119140625,0.0,0.46185302734375,0.42840576171875
1624950016_0.jpg,0.00018310546875,0.0,0.82049560546875,0.079833984375
1624950017_0.jpg,0.0469970703125,0.00921630859375,0.50421142578125,0.41412353515625
1624950047_0.jpg,0.1710205078125,0.03302001953125,0.3642578125,0.33013916015625
1624950068_0.jpg,0.23748779296875,0.1961669921875,0.215087890625,0.32232666015625
1624950102_0.jpg,0.11114501953125,0.00042724609375,0.42108154296875,0.35394287109375
1624950109_0.jpg,0.15130615234375,0.155029296875,0.14935302734375,0.28472900390625
1624950117_0.jpg,0.064208984375,0.01898193359375,0.49627685546875,0.3646240234375
1624950126_0.jpg,0.2196044921875,0.00543212890625,0.3265380859375,0.3917236328125
1624950134_0.jpg,0.1925048828125,0.0,0.362060546875,0.417236328125
1625209829_0.jpg,0.0086669921875,0.0,0.41619873046875,0.29644775390625
1625209830_0.jpg,0.04571533203125,0.0,0.5133056640625,0.3267822265625
1625209857_0.jpg,0.03997802734375,0.0,0.54791259765625,0.36187744140625
1625209858_0.jpg,0.07098388671875,0.01837158203125,0.4830322265625,0.41082763671875
1625209863_0.jpg,0.01220703125,0.03424072265625,0.52496337890625,0.13201904296875
1625209874_0.jpg,0.0716552734375,0.0,0.45709228515625,0.27978515625
1625209882_0.jpg,0.02935791015625,0.01031494140625,0.522705078125,0.408935546875
1625209894_0.jpg,0.176025390625,0.17181396484375,0.13018798828125,0.4241943359375
1625209896_0.jpg,0.0736083984375,0.0,0.48541259765625,0.3114013671875
1625209907_0.jpg,0.06646728515625,0.0,0.49676513671875,0.33795166015625
1625209910_0.jpg,0.0411376953125,0.0,0.601318359375,0.305908203125
1625209919_0.jpg,0.23736572265625,0.11456298828125,0.3441162109375,0.2177734375
1625209947_0.jpg,0.0400390625,0.0,0.67425537109375,0.28289794921875
1625209969_0.jpg,0.0482177734375,0.04730224609375,0.6348876953125,0.25567626953125
1625210005_0.jpg,0.17218017578125,0.06121826171875,0.30230712890625,0.39959716796875
1625210019_0.jpg,0.24237060546875,0.09405517578125,0.460693359375,0.19573974609375
1625210026_0.jpg,0.0,0.0,0.77996826171875,0.0294189453125
1636543631_0.jpg,0.1190185546875,0.22869873046875,0.15069580078125,0.41363525390625
1636543637_0.jpg,0.05914306640625,6.103515625e-05,0.48504638671875,0.422607421875
1636543654_0.jpg,0.05126953125,0.0006103515625,0.50750732421875,0.402587890625
1636543662_0.jpg,0.0,0.0037841796875,0.3216552734375,0.2310791015625
1636641311_0.jpg,0.29547119140625,0.07183837890625,0.13189697265625,0.43133544921875
1636641338_0.jpg,0.0384521484375,0.0,0.54034423828125,0.35089111328125
1636641360_0.jpg,0.0465087890625,0.0059814453125,0.50537109375,0.1826171875
1636641367_0.jpg,0.2381591796875,0.04345703125,0.23907470703125,0.4613037109375
1636641379_0.jpg,0.103515625,0.32745361328125,0.0902099609375,0.42657470703125
1636685510_0.jpg,0.10772705078125,0.39105224609375,0.0521240234375,0.4197998046875
1636685526_0.jpg,0.01287841796875,0.53167724609375,0.00946044921875,0.38238525390625
1636685557_0.jpg,0.06524658203125,0.320068359375,0.15911865234375,0.4517822265625
1636768897_0.jpg,0.05706787109375,0.0,0.496337890625,0.399658203125
1636768900_0.jpg,0.03314208984375,0.0,0.531494140625,0.40289306640625
1636768904_0.jpg,0.07470703125,0.0,0.499267578125,0.41522216796875
1636768923_0.jpg,0.00067138671875,0.0,0.55780029296875,0.32452392578125
1636768927_0.jpg,0.0413818359375,0.0,0.5806884765625,0.35321044921875
1636768930_0.jpg,0.01568603515625,0.00164794921875,0.58612060546875,0.36895751953125
1636768941_0.jpg,0.0,0.0,0.51385498046875,0.18707275390625
1636768942_0.jpg,0.077392578125,0.0941162109375,0.40325927734375,0.4058837890625
1636768943_0.jpg,0.0274658203125,0.0,0.52032470703125,0.3304443359375
1636768945_0.jpg,0.0052490234375,0.18865966796875,0.4130859375,0.3221435546875
1636768947_0.jpg,0.02545166015625,0.0504150390625,0.49285888671875,0.38836669921875
1636768949_0.jpg,0.0,0.0,0.58111572265625,0.416259765625
1640472705_0.jpg,0.4029541015625,0.01104736328125,0.1197509765625,0.415283203125
1640472711_0.jpg,0.02777099609375,0.0224609375,0.0982666015625,0.418212890625
1640472718_0.jpg,0.38079833984375,0.11688232421875,0.04248046875,0.40728759765625
1640472730_0.jpg,0.35235595703125,0.024169921875,0.158935546875,0.35791015625
1640472735_0.jpg,0.06915283203125,0.11761474609375,0.33544921875,0.45489501953125
1640472756_0.jpg,0.0,0.00054931640625,0.50311279296875,0.37298583984375
1640472827_0.jpg,0.07232666015625,0.0223388671875,0.44537353515625,0.43310546875
1640472834_0.jpg,0.098388671875,0.0343017578125,0.440185546875,0.358642578125
1640472837_0.jpg,0.06689453125,0.0006103515625,0.50579833984375,0.41925048828125
1640472859_0.jpg,0.00323486328125,0.0,0.51776123046875,0.333984375
1640472860_0.jpg,0.036376953125,0.01092529296875,0.52874755859375,0.41668701171875
1640472864_0.jpg,0.04718017578125,0.0,0.45703125,0.34393310546875
1640472867_0.jpg,0.0390625,0.0,0.52874755859375,0.3819580078125
1640472868_0.jpg,0.054443359375,0.0,0.50860595703125,0.39581298828125
1640472869_0.jpg,0.03350830078125,0.000244140625,0.412841796875,0.39898681640625
1640472873_0.jpg,0.09124755859375,0.2135009765625,0.2447509765625,0.39410400390625
1640472874_0.jpg,0.0560302734375,0.0,0.5379638671875,0.3980712890625
1640472876_0.jpg,0.017822265625,0.01171875,0.52362060546875,0.390869140625
1640472879_0.jpg,6.103515625e-05,0.34765625,0.244384765625,0.28997802734375
1640472885_0.jpg,0.0023193359375,0.0013427734375,0.32623291015625,0.3431396484375
1640472886_0.jpg,0.06219482421875,0.0,0.50396728515625,0.4298095703125
1640472890_0.jpg,0.07513427734375,0.0006103515625,0.468505859375,0.3870849609375
1640472893_0.jpg,0.0240478515625,0.00030517578125,0.58746337890625,0.3575439453125
1640472897_0.jpg,0.0233154296875,0.00347900390625,0.52752685546875,0.39044189453125
1640472898_0.jpg,0.0147705078125,0.001708984375,0.56268310546875,0.38555908203125
1640472899_0.jpg,0.00689697265625,0.0009765625,0.5548095703125,0.384521484375
1640472910_0.jpg,0.09747314453125,0.050048828125,0.402099609375,0.35919189453125
1640472911_0.jpg,0.0390625,0.0,0.47174072265625,0.34228515625
1640472915_0.jpg,0.02239990234375,0.09698486328125,0.480712890625,0.225830078125
1640472918_0.jpg,0.0,0.0,0.6356201171875,0.34100341796875
1640472919_0.jpg,0.0,0.0,0.67431640625,0.31817626953125
1640472920_0.jpg,0.0406494140625,0.0,0.31121826171875,0.3221435546875
1641766299_0.jpg,0.0,0.0,0.7689208984375,0.0
1649047644_0.jpg,0.14996337890625,0.0867919921875,0.2933349609375,0.43365478515625
1649047771_0.jpg,0.05108642578125,0.00030517578125,0.4835205078125,0.40106201171875
1649047793_0.jpg,0.08758544921875,0.0150146484375,0.426513671875,0.41705322265625
1649047896_0.jpg,0.0,0.048095703125,0.4246826171875,0.30999755859375
1649047910_0.jpg,0.09686279296875,0.17950439453125,0.27508544921875,0.4210205078125
1649048019_0.jpg,0.0279541015625,0.0,0.52606201171875,0.271728515625
1649048045_0.jpg,0.0,0.01434326171875,0.57635498046875,0.39471435546875
1649048114_0.jpg,0.18194580078125,0.02069091796875,0.32244873046875,0.415771484375
1649048150_0.jpg,0.0,0.0,0.2271728515625,0.0
1649048235_0.jpg,0.0556640625,0.089111328125,0.38714599609375,0.44195556640625
1649048285_0.jpg,0.001708984375,0.02203369140625,0.527099609375,0.36456298828125
1649048348_0.jpg,0.05303955078125,0.0,0.5220947265625,0.3658447265625
1649048396_0.jpg,0.21875,0.10308837890625,0.25518798828125,0.4219970703125
1649048523_0.jpg,0.01507568359375,0.28717041015625,0.296875,0.39453125
1649048555_0.jpg,0.11358642578125,0.11224365234375,0.29498291015625,0.41790771484375
1649048598_0.jpg,0.0,0.0,0.37445068359375,0.33758544921875
1649048754_0.jpg,0.0,0.0,0.29571533203125,0.19561767578125
1649048789_0.jpg,0.12359619140625,0.22760009765625,0.19378662109375,0.37835693359375
1649048798_0.jpg,0.04461669921875,0.0,0.48858642578125,0.4473876953125
1649048804_0.jpg,0.0,0.0,0.61541748046875,0.2742919921875
1649048829_0.jpg,0.0,0.0,0.6201171875,0.29888916015625
1649048830_0.jpg,0.2689208984375,0.0233154296875,0.2470703125,0.36663818359375
1649048879_0.jpg,0.0,0.0518798828125,0.52667236328125,0.26470947265625
1649048881_0.jpg,0.04608154296875,0.0,0.419921875,0.30413818359375
1649048895_0.jpg,0.346435546875,0.06585693359375,0.16754150390625,0.40423583984375
1649048897_0.jpg,0.06298828125,0.00360107421875,0.51422119140625,0.403076171875
1649048949_0.jpg,0.35772705078125,0.04119873046875,0.1324462890625,0.45184326171875
1649048965_0.jpg,0.05419921875,0.0079345703125,0.57647705078125,0.29571533203125
1649048966_0.jpg,0.27032470703125,0.14752197265625,0.2548828125,0.28778076171875
1649048995_0.jpg,0.34375,0.0,0.24542236328125,0.264404296875
1649049033_0.jpg,0.08270263671875,0.00042724609375,0.2139892578125,0.37603759765625
1649049087_0.jpg,0.0028076171875,0.03759765625,0.50250244140625,0.4532470703125
2089428235_0.jpg,0.03741455078125,0.010009765625,0.49169921875,0.45684814453125
2208339288_0.jpg,0.3720703125,0.08837890625,0.01812744140625,0.4249267578125
2208339291_0.jpg,0.3270263671875,0.09197998046875,0.049072265625,0.363037109375
2208339296_0.jpg,0.2662353515625,0.2003173828125,0.05377197265625,0.33856201171875
2209285896_0.jpg,0.2696533203125,0.20501708984375,0.04766845703125,0.4136962890625
2404926827_0.jpg,0.04534912109375,0.0,0.54913330078125,0.400390625
2639744183_0.jpg,0.017822265625,0.05535888671875,0.14129638671875,0.42889404296875
2639744184_0.jpg,0.01220703125,0.0157470703125,0.21002197265625,0.247314453125
2639744193_0.jpg,0.01397705078125,0.0,0.46209716796875,0.3526611328125
274243016_0.jpg,0.075927734375,0.0537109375,0.52593994140625,0.3211669921875
2754770587_0.jpg,0.26947021484375,0.03582763671875,0.214111328125,0.4598388671875
275945418_0.jpg,0.05584716796875,0.0,0.47650146484375,0.42803955078125
276372740_0.jpg,0.0,0.0008544921875,0.4676513671875,0.299072265625
276372857_0.jpg,0.0833740234375,0.0,0.44500732421875,0.45111083984375
276373355_0.jpg,0.0350341796875,0.01239013671875,0.532958984375,0.37158203125
276374341_0.jpg,0.15411376953125,0.1202392578125,0.27020263671875,0.34796142578125
2772111132_0.jpg,0.27215576171875,0.08038330078125,0.16217041015625,0.46527099609375
2772111145_0.jpg,0.28692626953125,0.14794921875,0.14794921875,0.39691162109375
278948068_0.jpg,0.06085205078125,0.00030517578125,0.45941162109375,0.4605712890625
278949226_0.jpg,0.277587890625,0.09027099609375,0.3057861328125,0.2904052734375
278949231_0.jpg,0.36328125,0.0343017578125,0.2259521484375,0.37579345703125
278950460_0.jpg,0.16375732421875,0.00018310546875,0.48297119140625,0.0
278950461_0.jpg,0.00079345703125,0.00152587890625,0.55841064453125,0.28326416015625
278951217_0.jpg,0.3470458984375,0.17962646484375,0.02813720703125,0.3687744140625
2861666771_0.jpg,0.3316650390625,0.03607177734375,0.01715087890625,0.3770751953125
2861666781_0.jpg,0.17864990234375,0.33709716796875,0.00189208984375,0.37652587890625
2861666783_0.jpg,0.17864990234375,0.33709716796875,0.00189208984375,0.37652587890625
2861669109_0.jpg,0.32818603515625,0.054443359375,0.1278076171875,0.45330810546875
2863929152_0.jpg,0.029296875,0.41510009765625,0.16204833984375,0.39312744140625
2863929182_0.jpg,0.35650634765625,0.06500244140625,0.08782958984375,0.44873046875
2866714633_0.jpg,0.20867919921875,0.21563720703125,0.1365966796875,0.41851806640625
2866714637_0.jpg,0.22027587890625,0.2039794921875,0.19964599609375,0.3466796875
288991682_0.jpg,0.30670166015625,0.03387451171875,0.182373046875,0.451904296875
288991776_0.jpg,0.22918701171875,0.18609619140625,0.21160888671875,0.33197021484375
288991796_0.jpg,0.0506591796875,0.00048828125,0.46173095703125,0.41851806640625
288991859_0.jpg,0.07965087890625,0.04913330078125,0.4268798828125,0.28857421875
288991961_0.jpg,0.05633544921875,0.0,0.517578125,0.40057373046875
288995089_0.jpg,0.349609375,0.019775390625,0.11572265625,0.2982177734375
288995381_0.jpg,0.0390625,0.25994873046875,0.26385498046875,0.40386962890625
288996505_0.jpg,0.2088623046875,0.01806640625,0.32745361328125,0.41326904296875
303886708_0.jpg,0.1094970703125,0.0498046875,0.41278076171875,0.3837890625
30747332_0.jpg,0.06072998046875,0.005859375,0.46429443359375,0.4373779296875
308473171_0.jpg,0.06304931640625,0.0,0.5233154296875,0.36920166015625
308473172_0.jpg,0.05865478515625,0.0,0.499755859375,0.411376953125
308473175_0.jpg,0.0494384765625,0.0,0.545166015625,0.3782958984375
308473176_0.jpg,0.05975341796875,0.0,0.47796630859375,0.4061279296875
308473177_0.jpg,0.0574951171875,0.0,0.5042724609375,0.42242431640625
308473178_0.jpg,0.06982421875,0.0,0.48321533203125,0.39764404296875
308473179_0.jpg,0.07586669921875,0.0,0.4869384765625,0.35870361328125
308473180_0.jpg,0.07611083984375,0.0,0.4713134765625,0.33740234375
308473182_0.jpg,0.0579833984375,0.0,0.51397705078125,0.38507080078125
308473183_0.jpg,0.062255859375,0.08319091796875,0.41339111328125,0.27655029296875
308473185_0.jpg,0.0362548828125,0.0,0.504150390625,0.3939208984375
308473186_0.jpg,0.0,0.0,0.5357666015625,0.0
308473188_0.jpg,0.04736328125,0.0,0.48388671875,0.3477783203125
308473189_0.jpg,0.06903076171875,0.0,0.48504638671875,0.42547607421875
308473190_0.jpg,0.060546875,0.0,0.45086669921875,0.439697265625
308473191_0.jpg,0.10028076171875,0.0,0.4493408203125,0.2662353515625
308473192_0.jpg,0.05670166015625,0.0,0.4893798828125,0.446044921875
308473193_0.jpg,0.0511474609375,0.0,0.45599365234375,0.33843994140625
308473419_0.jpg,0.0577392578125,0.0,0.47906494140625,0.3841552734375
308473420_0.jpg,0.05792236328125,0.00848388671875,0.47930908203125,0.40185546875
308473422_0.jpg,0.0667724609375,0.0,0.4122314453125,0.38128662109375
308473424_0.jpg,0.06048583984375,0.0,0.47064208984375,0.45147705078125
308473429_0.jpg,0.0687255859375,0.0,0.45703125,0.42474365234375
308473546_0.jpg,0.0714111328125,0.0,0.50115966796875,0.25250244140625
308778506_0.jpg,0.08990478515625,0.0,0.46240234375,0.40582275390625
308778508_0.jpg,0.0631103515625,0.0,0.49395751953125,0.3905029296875
308778512_0.jpg,0.06201171875,0.0,0.49078369140625,0.3580322265625
308778513_0.jpg,0.0797119140625,0.0,0.49542236328125,0.3956298828125
308778516_0.jpg,0.13031005859375,0.0,0.43505859375,0.33135986328125
308778518_0.jpg,0.0673828125,0.0,0.486083984375,0.422119140625
308778520_0.jpg,0.03741455078125,0.0,0.51043701171875,0.39849853515625
308778522_0.jpg,0.1192626953125,0.00457763671875,0.4412841796875,0.38629150390625
308778524_0.jpg,0.05792236328125,0.0,0.5426025390625,0.3675537109375
311744163_0.jpg,0.05169677734375,0.0,0.52178955078125,0.34539794921875
3200166661_0.jpg,0.19561767578125,0.02545166015625,0.23760986328125,0.4027099609375
3200259361_0.jpg,0.15869140625,0.126708984375,0.27557373046875,0.397216796875
3230280999_0.jpg,0.0738525390625,0.0,0.51495361328125,0.311279296875
33004487_0.jpg,0.06622314453125,0.05303955078125,0.3953857421875,0.34869384765625
33004488_0.jpg,0.063232421875,0.0,0.41455078125,0.33636474609375
33004534_0.jpg,0.16876220703125,0.02349853515625,0.2930908203125,0.43426513671875
33004677_0.jpg,0.12548828125,0.0146484375,0.39349365234375,0.4647216796875
331258764_0.jpg,0.07318115234375,0.01605224609375,0.46990966796875,0.409423828125
331269944_0.jpg,0.11773681640625,0.009521484375,0.40283203125,0.41912841796875
331271265_0.jpg,0.08880615234375,0.008544921875,0.42938232421875,0.3853759765625
332227468_0.jpg,0.0145263671875,0.00018310546875,0.5936279296875,0.17449951171875
332227469_0.jpg,0.04962158203125,0.00592041015625,0.59002685546875,0.24078369140625
332228053_0.jpg,0.1458740234375,0.01715087890625,0.37164306640625,0.3543701171875
332228057_0.jpg,0.001708984375,0.0047607421875,0.56427001953125,0.42669677734375
332230895_0.jpg,0.0194091796875,0.0,0.58905029296875,0.33233642578125
332231811_0.jpg,0.09259033203125,0.00433349609375,0.44427490234375,0.36676025390625
332231898_0.jpg,0.21234130859375,0.07550048828125,0.2569580078125,0.44085693359375
332231899_0.jpg,0.23779296875,0.10736083984375,0.19940185546875,0.43096923828125
332232293_0.jpg,0.08935546875,0.03857421875,0.4248046875,0.3974609375
332232732_0.jpg,0.18719482421875,0.0401611328125,0.29547119140625,0.458251953125
332239185_0.jpg,0.0,0.0,0.57415771484375,0.40106201171875
332240248_0.jpg,0.09210205078125,0.0,0.4539794921875,0.3966064453125
332242353_0.jpg,0.0955810546875,0.02264404296875,0.1632080078125,0.1761474609375
332242753_0.jpg,0.1278076171875,0.0,0.4599609375,0.3369140625
332243003_0.jpg,0.09222412109375,0.0137939453125,0.4251708984375,0.4481201171875
332243007_0.jpg,0.040771484375,0.16326904296875,0.30859375,0.367919921875
332243088_0.jpg,0.09051513671875,0.00128173828125,0.51141357421875,0.290283203125
332245888_0.jpg,0.34710693359375,0.03509521484375,0.19110107421875,0.3272705078125
332245892_0.jpg,0.23846435546875,0.00579833984375,0.3084716796875,0.44488525390625
332246178_0.jpg,0.21990966796875,0.01470947265625,0.30340576171875,0.3819580078125
332246270_0.jpg,0.13818359375,0.0,0.46881103515625,0.28497314453125
332246273_0.jpg,0.1800537109375,0.0157470703125,0.34759521484375,0.3907470703125
332248700_0.jpg,0.087646484375,0.0238037109375,0.2042236328125,0.392578125
332251015_0.jpg,0.02105712890625,0.0015869140625,0.30224609375,0.44140625
332251253_0.jpg,0.0689697265625,0.0,0.49737548828125,0.39227294921875
332251254_0.jpg,0.0697021484375,0.0,0.48614501953125,0.43939208984375
332251257_0.jpg,0.06304931640625,0.0,0.515869140625,0.383544921875
332251605_0.jpg,0.17706298828125,0.10345458984375,0.2724609375,0.4140625
332251620_0.jpg,0.0120849609375,0.0,0.52960205078125,0.35968017578125
332251667_0.jpg,0.05267333984375,0.00018310546875,0.494140625,0.34686279296875
332253312_0.jpg,0.00732421875,0.0,0.51239013671875,0.4534912109375
332253313_0.jpg,0.03009033203125,0.0,0.55279541015625,0.38848876953125
332253329_0.jpg,0.2044677734375,0.01104736328125,0.3411865234375,0.41595458984375
332253631_0.jpg,0.047119140625,0.0020751953125,0.50909423828125,0.40606689453125
3334802082_0.jpg,0.405517578125,0.0302734375,0.1007080078125,0.42333984375
334647674_0.jpg,0.27581787109375,0.17523193359375,0.0625,0.426513671875
334647880_0.jpg,0.153076171875,0.000244140625,0.5360107421875,0.29193115234375
334647895_0.jpg,0.31536865234375,0.013671875,0.1671142578125,0.46221923828125
334648424_0.jpg,0.2535400390625,0.2572021484375,0.0294189453125,0.34161376953125
334648426_0.jpg,0.38006591796875,0.06988525390625,0.02490234375,0.45196533203125
334648549_0.jpg,0.18927001953125,0.26348876953125,0.171630859375,0.3455810546875
334648626_0.jpg,0.25579833984375,0.20465087890625,0.07000732421875,0.45635986328125
334648727_0.jpg,0.270751953125,0.40838623046875,0.01934814453125,0.2999267578125
334649071_0.jpg,0.0,0.0,0.71148681640625,0.0
334649361_0.jpg,0.25372314453125,0.24603271484375,0.02459716796875,0.44287109375
334649728_0.jpg,0.1646728515625,0.03485107421875,0.30267333984375,0.40447998046875
334649851_0.jpg,0.24896240234375,0.085205078125,0.20684814453125,0.425537109375
334650313_0.jpg,0.28497314453125,0.124267578125,0.0914306640625,0.40875244140625
334650573_0.jpg,0.0,0.00634765625,0.29443359375,0.005859375
334651195_0.jpg,0.02764892578125,0.34698486328125,0.1971435546875,0.38702392578125
334651930_0.jpg,0.1763916015625,0.08306884765625,0.02838134765625,0.44378662109375
33476495_0.jpg,0.17059326171875,0.002197265625,0.3619384765625,0.43798828125
33476500_0.jpg,0.2376708984375,0.00030517578125,0.2489013671875,0.4249267578125
33476501_0.jpg,0.06024169921875,0.0186767578125,0.43829345703125,0.44305419921875
33476508_0.jpg,0.20831298828125,0.0899658203125,0.22503662109375,0.34051513671875
33476510_0.jpg,0.12939453125,0.044189453125,0.46051025390625,0.30731201171875
339050813_0.jpg,0.385986328125,0.13592529296875,0.0516357421875,0.38134765625
339050900_0.jpg,0.22076416015625,0.09100341796875,0.57257080078125,0.10711669921875
339050906_0.jpg,0.0810546875,0.13214111328125,0.56353759765625,0.1944580078125
339051674_0.jpg,0.2689208984375,0.06207275390625,0.18524169921875,0.4169921875
339051995_0.jpg,0.30035400390625,0.14862060546875,0.12933349609375,0.38165283203125
339053521_0.jpg,0.0986328125,0.3948974609375,0.06121826171875,0.22198486328125
339053606_0.jpg,0.21600341796875,0.2589111328125,0.02813720703125,0.40484619140625
339054415_0.jpg,0.0089111328125,0.02227783203125,0.4979248046875,0.3406982421875
339054417_0.jpg,0.2498779296875,0.17071533203125,0.4986572265625,0.0357666015625
3676641732_0.jpg,0.19854736328125,0.06427001953125,0.4404296875,0.14105224609375
3692616228_0.jpg,0.0584716796875,0.02508544921875,0.38262939453125,0.23309326171875
384143738_0.jpg,0.07061767578125,0.032958984375,0.50555419921875,0.355224609375
384143869_0.jpg,0.04248046875,0.0440673828125,0.47900390625,0.38580322265625
384145154_0.jpg,0.38800048828125,0.01251220703125,0.14306640625,0.22540283203125
384147522_0.jpg,0.1368408203125,0.0,0.39117431640625,0.4146728515625
384377131_0.jpg,0.37469482421875,0.013427734375,0.1702880859375,0.371826171875
384377583_0.jpg,0.08673095703125,0.5067138671875,0.11956787109375,0.273193359375
384383004_0.jpg,0.0963134765625,0.32757568359375,0.486083984375,0.06719970703125
384383842_0.jpg,0.10882568359375,0.33892822265625,0.13433837890625,0.1497802734375
384384346_0.jpg,0.083740234375,0.05230712890625,0.509521484375,0.35430908203125
384385470_0.jpg,0.15673828125,0.07574462890625,0.22900390625,0.4417724609375
384387096_0.jpg,0.23486328125,0.1409912109375,0.21588134765625,0.2984619140625
384390555_0.jpg,0.0,0.0,0.2791748046875,0.0
3978935775_0.jpg,0.25787353515625,0.04473876953125,0.310791015625,0.245849609375
419763802_0.jpg,0.0498046875,0.0816650390625,0.4049072265625,0.36004638671875
420041549_0.jpg,0.25384521484375,0.06048583984375,0.2518310546875,0.38861083984375
420041599_0.jpg,0.28143310546875,0.12127685546875,0.11090087890625,0.46630859375
4332327041_0.jpg,0.00323486328125,0.01898193359375,0.5577392578125,0.3343505859375
441535160_0.jpg,0.19879150390625,0.01727294921875,0.29925537109375,0.47698974609375
441535164_0.jpg,0.25042724609375,0.08868408203125,0.21630859375,0.37200927734375
441535168_0.jpg,0.06561279296875,0.0030517578125,0.4505615234375,0.33349609375
441535437_0.jpg,0.08123779296875,0.02862548828125,0.400390625,0.47796630859375
4421445236_0.jpg,0.00238037109375,0.00250244140625,0.66168212890625,0.2220458984375
4501979659_0.jpg,0.16510009765625,0.09442138671875,0.2425537109375,0.45257568359375
4510281036_0.jpg,0.0,0.0,0.57763671875,0.39691162109375
4510281038_0.jpg,0.04559326171875,0.0,0.5087890625,0.394775390625
4510281043_0.jpg,0.04656982421875,0.0,0.5059814453125,0.38623046875
452735806_0.jpg,0.0072021484375,0.65802001953125,0.0,0.275146484375
452735815_0.jpg,0.0,0.0,0.5028076171875,0.42279052734375
452737038_0.jpg,0.20025634765625,0.087158203125,0.33935546875,0.35894775390625
474209048_0.jpg,0.1651611328125,0.04730224609375,0.3570556640625,0.37261962890625
474209050_0.jpg,0.23236083984375,0.23077392578125,0.03741455078125,0.4613037109375
4773316080_0.jpg,0.01556396484375,0.42059326171875,0.13482666015625,0.3380126953125
4773330911_0.jpg,0.32574462890625,0.11456298828125,0.06439208984375,0.18829345703125
4773331322_0.jpg,0.27398681640625,0.20367431640625,0.04119873046875,0.22467041015625
4773779436_0.jpg,0.06939697265625,0.03399658203125,0.4532470703125,0.375244140625
4844962261_0.jpg,0.22186279296875,0.0,0.4207763671875,0.295166015625
4848060583_0.jpg,0.00677490234375,0.33526611328125,0.1875,0.46893310546875
4848060589_0.jpg,0.0,0.00640869140625,0.20989990234375,0.01287841796875
485659486_0.jpg,0.2718505859375,0.06427001953125,0.18804931640625,0.43572998046875
485660466_0.jpg,0.05120849609375,0.09613037109375,0.24884033203125,0.35845947265625
4858447071_0.jpg,0.2884521484375,0.165283203125,0.085693359375,0.4127197265625
4858447072_0.jpg,0.343017578125,0.10528564453125,0.11151123046875,0.414794921875
4860691742_0.jpg,0.10186767578125,0.0301513671875,0.4114990234375,0.3831787109375
4860691743_0.jpg,0.00250244140625,0.0003662109375,0.5263671875,0.1072998046875
4862079505_0.jpg,0.20281982421875,0.032470703125,0.31353759765625,0.3306884765625
4862079512_0.jpg,0.19158935546875,0.0113525390625,0.4532470703125,0.279052734375
4862185729_0.jpg,0.1500244140625,0.1298828125,0.42327880859375,0.273681640625
4862228463_0.jpg,0.326416015625,0.13604736328125,0.05572509765625,0.33349609375
4862322386_0.jpg,0.2353515625,0.0,0.25457763671875,0.37921142578125
4907135612_0.jpg,0.0,0.0020751953125,0.62554931640625,0.33551025390625
4907135615_0.jpg,0.034423828125,0.0,0.5250244140625,0.32391357421875
4928401453_0.jpg,0.2415771484375,0.00738525390625,0.3564453125,0.39056396484375
4928401467_0.jpg,0.28912353515625,0.0960693359375,0.16094970703125,0.424560546875
493179429_0.jpg,0.0819091796875,0.01251220703125,0.4442138671875,0.45343017578125
496035667_0.jpg,0.17132568359375,0.31085205078125,0.10345458984375,0.4034423828125
5009737115_0.jpg,0.334716796875,0.01007080078125,0.2001953125,0.44500732421875
5009737119_0.jpg,0.3450927734375,0.09100341796875,0.14593505859375,0.2266845703125
5009739636_0.jpg,0.010009765625,0.115966796875,0.43646240234375,0.43255615234375
5026796433_0.jpg,0.37823486328125,0.05438232421875,0.14276123046875,0.37451171875
5035159635_0.jpg,0.318603515625,0.0,0.3319091796875,0.32452392578125
5052282255_0.jpg,0.06951904296875,0.35638427734375,0.2440185546875,0.28765869140625
5054337446_0.jpg,0.0,0.0,0.34521484375,0.0
506470908_0.jpg,0.44134521484375,0.035400390625,0.04522705078125,0.4566650390625
5099453112_0.jpg,0.151123046875,0.06890869140625,0.31243896484375,0.3570556640625
5102064283_0.jpg,0.047119140625,0.0,0.23529052734375,0.32440185546875
5102113130_0.jpg,0.2425537109375,0.05560302734375,0.21588134765625,0.37744140625
5103640607_0.jpg,0.08251953125,0.02374267578125,0.46197509765625,0.41778564453125
5103661126_0.jpg,0.0789794921875,0.0,0.45465087890625,0.4320068359375
5103929473_0.jpg,0.07958984375,0.000732421875,0.4619140625,0.42132568359375
5103929475_0.jpg,0.067626953125,0.0,0.4527587890625,0.42535400390625
5103971488_0.jpg,0.00775146484375,0.1632080078125,0.2454833984375,0.09393310546875
5104093645_0.jpg,0.3089599609375,0.178955078125,0.02630615234375,0.44049072265625
5104093648_0.jpg,0.05322265625,0.356201171875,0.11474609375,0.3824462890625
5104147159_0.jpg,0.449462890625,0.0230712890625,0.0633544921875,0.42047119140625
5104169313_0.jpg,0.078125,0.43499755859375,0.03466796875,0.23419189453125
5118471617_0.jpg,0.04119873046875,0.00079345703125,0.50421142578125,0.4381103515625
5120436693_0.jpg,0.12506103515625,0.09698486328125,0.41802978515625,0.25872802734375
5120436719_0.jpg,0.124755859375,0.06488037109375,0.3594970703125,0.42987060546875
5120437766_0.jpg,0.071044921875,0.2210693359375,0.64398193359375,0.03350830078125
5123029554_0.jpg,0.10357666015625,0.0123291015625,0.462890625,0.40496826171875
5123029555_0.jpg,0.060546875,0.00018310546875,0.4835205078125,0.38433837890625
5123029556_0.jpg,0.11529541015625,0.18182373046875,0.26495361328125,0.28790283203125
5131739783_0.jpg,0.1156005859375,0.0194091796875,0.1326904296875,0.43170166015625
5133880779_0.jpg,0.1180419921875,0.00390625,0.3583984375,0.39776611328125
5137162815_0.jpg,0.0,0.156982421875,0.40203857421875,0.44097900390625
5137163548_0.jpg,0.0,0.0,0.3062744140625,0.0
5137163555_0.jpg,0.10308837890625,0.010009765625,0.29541015625,0.4322509765625
5137163566_0.jpg,0.3150634765625,0.009521484375,0.21136474609375,0.44561767578125
5137163580_0.jpg,0.0,0.0,0.406005859375,0.0361328125
523588218_0.jpg,0.05157470703125,0.00164794921875,0.49713134765625,0.4183349609375
5271293472_0.jpg,0.38525390625,0.0291748046875,0.12860107421875,0.3033447265625
5333519678_0.jpg,0.3831787109375,0.0,0.13861083984375,0.40435791015625
5333519683_0.jpg,0.2464599609375,0.05975341796875,0.2283935546875,0.33148193359375
5333519688_0.jpg,0.19561767578125,0.1060791015625,0.03179931640625,0.34637451171875
5429072347_0.jpg,0.138916015625,0.0,0.685302734375,0.15155029296875
5436700698_0.jpg,0.06072998046875,0.0150146484375,0.8123779296875,0.10516357421875
5436701122_0.jpg,0.27435302734375,0.0,0.11578369140625,0.29254150390625
5436701127_0.jpg,0.34466552734375,0.02435302734375,0.4964599609375,0.07354736328125
5436750002_0.jpg,0.2744140625,0.0008544921875,0.24822998046875,0.44024658203125
5436750014_0.jpg,0.25628662109375,0.0,0.26751708984375,0.41925048828125
5647922669_0.jpg,0.17791748046875,0.00360107421875,0.365234375,0.39544677734375
5647922704_0.jpg,0.25604248046875,0.0,0.291015625,0.36346435546875
5705662284_0.jpg,0.27191162109375,0.0,0.28253173828125,0.42535400390625
5705662285_0.jpg,0.2484130859375,0.0,0.3070068359375,0.4251708984375
5805784085_0.jpg,0.13726806640625,0.0,0.413818359375,0.4375
582486959_0.jpg,0.3487548828125,0.02301025390625,0.14495849609375,0.28851318359375
582593236_0.jpg,0.36566162109375,0.06976318359375,0.0482177734375,0.345458984375
582593262_0.jpg,0.0538330078125,0.21539306640625,0.20697021484375,0.30059814453125
582593293_0.jpg,0.25750732421875,0.1148681640625,0.09832763671875,0.44610595703125
582593329_0.jpg,0.412353515625,0.08380126953125,0.01007080078125,0.40814208984375
582593392_0.jpg,0.1881103515625,0.12591552734375,0.222412109375,0.35467529296875
582593479_0.jpg,0.32647705078125,0.10137939453125,0.10968017578125,0.38385009765625
582596633_0.jpg,0.3089599609375,0.12506103515625,0.138916015625,0.42041015625
582596651_0.jpg,0.09942626953125,0.1947021484375,0.2752685546875,0.35394287109375
582596692_0.jpg,0.3697509765625,0.03839111328125,0.29827880859375,0.211669921875
5870086800_0.jpg,0.0,0.0,0.2381591796875,0.42120361328125
6052471816_0.jpg,0.1563720703125,0.01239013671875,0.35894775390625,0.4630126953125
6052475833_0.jpg,0.1651611328125,0.00274658203125,0.4033203125,0.19549560546875
6052475835_0.jpg,0.244140625,0.01898193359375,0.310546875,0.321533203125
6052491085_0.jpg,0.3629150390625,0.0006103515625,0.1695556640625,0.40423583984375
6148869793_0.jpg,0.13641357421875,0.35589599609375,0.06988525390625,0.4317626953125
6252304191_0.jpg,0.2467041015625,0.0570068359375,0.19158935546875,0.42291259765625
6283852189_0.jpg,0.09954833984375,0.5545654296875,0.2747802734375,0.00042724609375
629539289_0.jpg,0.06201171875,0.29144287109375,0.20123291015625,0.43792724609375
6309604751_0.jpg,0.11053466796875,0.17523193359375,0.40191650390625,0.28143310546875
6359931650_0.jpg,0.3582763671875,0.00213623046875,0.142822265625,0.2735595703125
6374553434_0.jpg,0.09185791015625,0.0,0.413818359375,0.3619384765625
6374553441_0.jpg,0.138916015625,0.0,0.68536376953125,0.1514892578125
6521271614_0.jpg,0.0673828125,0.09490966796875,0.4156494140625,0.41058349609375
653112508_0.jpg,0.17303466796875,0.0,0.3507080078125,0.43865966796875
6550920169_0.jpg,0.2481689453125,0.13360595703125,0.17889404296875,0.4271240234375
660415615_0.jpg,0.00079345703125,0.03155517578125,0.29876708984375,0.2421875
6612901838_0.jpg,0.20916748046875,0.08038330078125,0.229736328125,0.462890625
6702368661_0.jpg,0.296630859375,0.03717041015625,0.1885986328125,0.39349365234375
6702368663_0.jpg,0.28564453125,0.09478759765625,0.13580322265625,0.31060791015625
6705233294_0.jpg,0.26580810546875,0.0521240234375,0.2327880859375,0.35565185546875
675264194_0.jpg,0.27093505859375,0.14532470703125,0.1390380859375,0.40936279296875
675264198_0.jpg,0.29425048828125,0.061767578125,0.1671142578125,0.461669921875
675764045_0.jpg,0.12310791015625,0.3101806640625,0.16607666015625,0.23443603515625
675764061_0.jpg,0.0909423828125,0.14971923828125,0.46051025390625,0.21966552734375
675764066_0.jpg,0.20855712890625,0.20794677734375,0.09600830078125,0.35845947265625
6843885034_0.jpg,0.1092529296875,0.03802490234375,0.44195556640625,0.3853759765625
6984479448_0.jpg,0.0,0.0,0.6214599609375,0.307373046875
7062561797_0.jpg,0.04046630859375,0.0,0.5235595703125,0.40301513671875
710347237_0.jpg,0.0791015625,0.1536865234375,0.3203125,0.4334716796875
710347239_0.jpg,0.22320556640625,0.2540283203125,0.0347900390625,0.4454345703125
7202626698_0.jpg,0.06439208984375,0.0,0.4659423828125,0.23773193359375
7207625692_0.jpg,0.0,0.0,0.41650390625,0.311279296875
7257383491_0.jpg,0.0601806640625,0.0,0.468505859375,0.35223388671875
7257383511_0.jpg,0.08819580078125,0.028076171875,0.5081787109375,0.32861328125
7262574289_0.jpg,0.06109619140625,0.0,0.707763671875,0.21331787109375
7328499113_0.jpg,0.0703125,0.0,0.57684326171875,0.2540283203125
745078561_0.jpg,0.14874267578125,0.017578125,0.41070556640625,0.33563232421875
7552991693_0.jpg,0.5299072265625,0.0,0.01483154296875,0.17864990234375
7553343510_0.jpg,0.0,0.0,0.14324951171875,0.33868408203125
7559784465_0.jpg,0.30535888671875,0.00970458984375,0.19903564453125,0.42474365234375
759629890_0.jpg,0.09063720703125,0.16497802734375,0.3013916015625,0.41448974609375
759629968_0.jpg,0.288330078125,0.05242919921875,0.1729736328125,0.33575439453125
759630052_0.jpg,0.06903076171875,0.18011474609375,0.28948974609375,0.43682861328125
759630064_0.jpg,0.215576171875,0.09381103515625,0.29095458984375,0.38555908203125
759630065_0.jpg,0.0693359375,0.16485595703125,0.29083251953125,0.38946533203125
7598921135_0.jpg,0.056884765625,0.05596923828125,0.36822509765625,0.45281982421875
7598921136_0.jpg,0.09649658203125,0.05401611328125,0.40447998046875,0.4259033203125
8013614910_0.jpg,0.0,0.0,0.222900390625,0.202880859375
8013614911_0.jpg,0.0,0.0059814453125,0.1319580078125,0.37750244140625
804107233_0.jpg,0.2989501953125,0.15179443359375,0.03338623046875,0.39605712890625
804107241_0.jpg,0.060546875,0.0,0.4888916015625,0.43719482421875
8059647319_0.jpg,0.0,0.0,0.27752685546875,0.3724365234375
8059647322_0.jpg,0.0,0.00653076171875,0.52313232421875,0.44134521484375
8272842739_0.jpg,0.21417236328125,0.0640869140625,0.24395751953125,0.46588134765625
8349163524_0.jpg,0.06903076171875,0.044921875,0.52606201171875,0.31036376953125
8404180301_0.jpg,0.0263671875,0.0013427734375,0.44305419921875,0.24066162109375
8438621461_0.jpg,0.03240966796875,0.18212890625,0.354248046875,0.40301513671875
8559094354_0.jpg,0.0406494140625,0.0,0.31121826171875,0.3221435546875
8664575339_0.jpg,0.09051513671875,0.1705322265625,0.33544921875,0.30181884765625
8766003568_0.jpg,0.30615234375,0.1370849609375,0.01312255859375,0.410888671875
8869018394_0.jpg,0.0,0.0,0.3157958984375,0.08721923828125
8870889525_0.jpg,0.110107421875,0.30828857421875,0.2864990234375,0.29058837890625
8983220377_0.jpg,0.07049560546875,6.103515625e-05,0.48699951171875,0.427490234375
8983466243_0.jpg,0.20977783203125,0.0484619140625,0.256591796875,0.4068603515625
8983466244_0.jpg,0.20166015625,0.0372314453125,0.30029296875,0.43328857421875
9197539595_0.jpg,0.03369140625,0.47906494140625,0.012451171875,0.37384033203125
9420095819_0.jpg,0.03729248046875,0.0,0.51055908203125,0.4393310546875
9514050826_0.jpg,6.103515625e-05,0.0015869140625,0.4642333984375,0.3665771484375
9514050834_0.jpg,0.18389892578125,0.0020751953125,0.304931640625,0.4224853515625
9803283485_0.jpg,0.13983154296875,0.00701904296875,0.400634765625,0.27490234375
9803283486_0.jpg,0.15667724609375,0.01202392578125,0.38775634765625,0.29058837890625
988059489_0.jpg,0.1260986328125,0.04803466796875,0.360107421875,0.460693359375
988059784_0.jpg,0.00787353515625,0.0733642578125,0.10638427734375,0.2994384765625
988059831_0.jpg,0.1300048828125,0.025634765625,0.37969970703125,0.35986328125
989119836_0.jpg,0.1273193359375,0.0,0.37213134765625,0.44268798828125
990120065_0.jpg,0.00469970703125,0.0927734375,0.48480224609375,0.3458251953125
990120169_0.jpg,0.14434814453125,0.0,0.54473876953125,0.28985595703125
990120205_0.jpg,0.31060791015625,0.18072509765625,0.42266845703125,0.0130615234375
990120213_0.jpg,0.30706787109375,0.17437744140625,0.02972412109375,0.38653564453125
990120446_0.jpg,0.0328369140625,0.21527099609375,0.36871337890625,0.37481689453125
990625764_0.jpg,0.18756103515625,0.21795654296875,0.1441650390625,0.437744140625
990625879_0.jpg,0.16632080078125,0.0797119140625,0.3363037109375,0.39373779296875
991294618_0.jpg,0.06854248046875,0.0,0.460693359375,0.4432373046875
991294702_0.jpg,0.1142578125,0.0042724609375,0.4566650390625,0.4073486328125
991294801_0.jpg,0.01568603515625,0.00164794921875,0.58612060546875,0.36895751953125
991294805_0.jpg,0.154052734375,0.04132080078125,0.339599609375,0.39581298828125
991294876_0.jpg,0.03936767578125,0.2010498046875,0.31890869140625,0.4228515625
991294889_0.jpg,0.04052734375,0.002685546875,0.50457763671875,0.4388427734375
991294931_0.jpg,0.0867919921875,0.0032958984375,0.46563720703125,0.436767578125
991294942_0.jpg,0.09442138671875,0.0,0.50244140625,0.36419677734375
991295033_0.jpg,0.06451416015625,0.0,0.52349853515625,0.38360595703125
991295045_0.jpg,0.0634765625,0.0,0.46221923828125,0.3880615234375
991295054_0.jpg,0.0,0.00018310546875,0.53076171875,0.36846923828125
991295120_0.jpg,0.062255859375,0.0,0.379150390625,0.3414306640625
991295126_0.jpg,0.05206298828125,0.0,0.5250244140625,0.41162109375
992815753_0.jpg,0.2340087890625,0.08099365234375,0.1983642578125,0.429931640625
